{
  "project_info": {
    "project_number": "222444880652",
    "firebase_url": "https://test-ccb26.firebaseio.com",
    "project_id": "test-ccb26",
    "storage_bucket": "test-ccb26.appspot.com"
  },
  "client": [
    {
      "client_info": {
        "mobilesdk_app_id": "1:222444880652:android:008daf04e957e2dd22ff29",
        "android_client_info": {
          "package_name": "com.android.rateapp"
        }
      },
      "oauth_client": [
        {
          "client_id": "222444880652-psj4citq4ji7irliid2na0uobk256239.apps.googleusercontent.com",
          "client_type": 3
        }
      ],
      "api_key": [
        {
          "current_key": "AIzaSyDHF9cJbkOIH4w56hIe2LAwnqv4heJB1Ek"
        }
      ],
      "services": {
        "appinvite_service": {
          "other_platform_oauth_client": [
            {
              "client_id": "222444880652-psj4citq4ji7irliid2na0uobk256239.apps.googleusercontent.com",
              "client_type": 3
            }
          ]
        }
      }
    },
    {
      "client_info": {
        "mobilesdk_app_id": "1:222444880652:android:d584646046b039dd22ff29",
        "android_client_info": {
          "package_name": "com.android.test"
        }
      },
      "oauth_client": [
        {
          "client_id": "222444880652-psj4citq4ji7irliid2na0uobk256239.apps.googleusercontent.com",
          "client_type": 3
        }
      ],
      "api_key": [
        {
          "current_key": "AIzaSyDHF9cJbkOIH4w56hIe2LAwnqv4heJB1Ek"
        }
      ],
      "services": {
        "appinvite_service": {
          "other_platform_oauth_client": [
            {
              "client_id": "222444880652-psj4citq4ji7irliid2na0uobk256239.apps.googleusercontent.com",
              "client_type": 3
            }
          ]
        }
      }
    }
  ],
  "configuration_version": "1"
}